TDSFU Daily run: Sun Oct 19 06:34:12 UTC 2025 TDSFU
TDSFU Daily run: Mon Oct 20 04:36:56 UTC 2025 TDSFU
TDSFU Daily run: Tue Oct 21 04:34:25 UTC 2025 TDSFU
TDSFU Daily run: Wed Oct 22 04:35:34 UTC 2025 TDSFU
TDSFU Daily run: Thu Oct 23 04:34:26 UTC 2025 TDSFU
TDSFU Daily run: Fri Oct 24 04:33:19 UTC 2025 TDSFU
TDSFU Daily run: Sat Oct 25 04:32:31 UTC 2025 TDSFU
TDSFU Daily run: Sun Oct 26 04:32:50 UTC 2025 TDSFU
TDSFU Daily run: Mon Oct 27 04:41:42 UTC 2025 TDSFU
TDSFU Daily run: Tue Oct 28 04:34:34 UTC 2025 TDSFU
TDSFU Daily run: Wed Oct 29 04:39:56 UTC 2025 TDSFU
TDSFU Daily run: Thu Oct 30 04:34:33 UTC 2025 TDSFU
TDSFU Daily run: Fri Oct 31 04:36:08 UTC 2025 TDSFU
TDSFU Daily run: Sat Nov  1 04:32:01 UTC 2025 TDSFU
TDSFU Daily run: Sun Nov  2 04:34:42 UTC 2025 TDSFU
TDSFU Daily run: Mon Nov  3 04:40:32 UTC 2025 TDSFU
